geo_value,time_value,value,stderr,sample_size
42003,20200406,0.7614984,0.3826746,434.8891
42003,20200407,0.3558909,0.13421,1426.4021
42003,20200408,0.9653235,0.2533406,1186.4144
42003,20200409,0.243038,0.1179339,987.355
42003,20200410,0.6735921,0.3389999,504.0232
42003,20200411,0.0,0.4592222,106.1619
42003,20200413,0.4467277,0.2920391,437.9485
42003,20200414,0.4562798,0.3445634,350.635
42003,20200415,0.0419628,0.2466968,197.4795
42003,20200416,0.2055183,0.2860655,242.1989
42003,20200417,1.7670193,0.91131,163.1419
42003,20200418,0.0,0.3205766,150.3294
42003,20200419,0.174721,0.3075913,189.4171
42003,20200420,0.4793446,0.5289588,207.1145
42003,20200421,0.2392112,0.3141959,220.3346
42003,20200422,0.0,0.1917309,253.7595
42003,20200423,1.2350333,0.7488234,214.6186
42003,20200424,0.5292516,0.427265,281.9314
42003,20200425,0.4427439,0.2871218,374.1901
42003,20200426,0.5955289,0.3384289,396.7017
42003,20200427,1.5023687,0.6302459,340.1352
42003,20200428,0.0882979,0.1392675,450.3631
42003,20200429,0.0255552,0.1570112,311.2483
42003,20200430,0.1897487,0.1599445,462.0074
42003,20200501,0.0099305,0.1613247,300.4903
42003,20200502,0.3022225,0.3349648,328.8055
42003,20200503,0.3099787,0.3071501,358.9614
42003,20200504,0.0,0.1364798,356.5673
42003,20200505,0.1312597,0.1861996,364.3085
42003,20200506,0.7836603,0.4424355,359.3165
42003,20200507,0.0,0.1585654,307.414
42003,20200508,1.0779831,0.9803837,112.2609
42003,20200509,0.3849037,0.4258524,258.2245
42003,20200510,0.0,0.1823656,264.8302
42003,20200511,0.0,0.1527602,318.4554
42003,20200512,0.4468051,0.3670143,259.5403
42003,20200513,0.0,0.2028266,239.6802
42003,20200514,0.9809684,0.5831092,304.0032
42003,20200515,0.0,0.1383083,351.4923
42003,20200516,0.0268981,0.1656557,297.6417
42003,20200517,0.3976711,0.2792359,337.4992
42003,20200518,0.0,0.1333731,364.918
42003,20200519,0.4458464,0.4929141,223.2556
42003,20200520,0.1215919,0.1619654,428.0638
42003,20200521,0.0855457,0.1516909,387.4458
42003,20200522,0.0,0.151676,321.1194
42003,20200523,0.313096,0.2406037,315.7324
42003,20200524,0.0,0.1318282,370.5454
42003,20200525,0.2734858,0.2597547,308.5441
42003,20200526,0.1972433,0.1950626,378.5286
42003,20200527,0.0,0.1243142,391.9685
42003,20200528,0.0,0.1260229,386.0106
42003,20200529,0.0,0.1576201,306.7906
42003,20200530,0.1853585,0.1992368,357.8919
42003,20200531,0.4846685,0.3749885,341.791
42003,20200601,0.3722268,0.3013268,400.6106
42003,20200602,0.0725601,0.1597842,342.3515
42003,20200603,0.2813455,0.2188607,353.1202
42003,20200604,0.0,0.1287898,376.0765
42003,20200605,0.1630191,0.2270729,305.0979
42003,20200606,0.0,0.1997968,243.8428
42003,20200607,0.3983485,0.3452073,333.0437
42003,20200608,0.0,0.1384438,352.1229
42003,20200609,0.1673111,0.2329093,297.0742
42003,20200610,0.3282197,0.2395925,362.9779
42003,20200611,0.3290962,0.3461771,318.0609
42003,20200612,0.2777056,0.307725,357.5645
42003,20200613,0.0,0.1661984,295.0809
42003,20200614,0.2569688,0.2248699,326.3437
42007,20200407,0.54715,0.5986982,180.7464
42007,20200408,1.4070252,0.8816113,152.2714
42007,20200409,0.2531358,0.4315522,130.2002
42011,20200406,1.6350617,1.1197412,104.3419
42011,20200407,0.6070776,0.3637834,234.741
42011,20200408,0.6598212,0.4015277,253.6058
42011,20200409,0.9642471,0.7117464,204.4321
42011,20200410,2.0192388,1.2290251,122.1908
42011,20200413,1.270726,0.7377311,137.8427
42011,20200414,0.8816014,0.427281,339.8732
42011,20200415,0.5235281,0.5762424,189.0473
42011,20200416,0.5847672,0.5133482,139.2085
42011,20200419,0.4620655,0.628126,106.7275
42011,20200420,0.0,0.425,109.7593
42011,20200421,0.125263,0.3805655,131.3371
42011,20200422,0.1623382,0.4165095,121.6659
42011,20200423,0.0,0.3691805,127.3934
42011,20200424,1.0044872,0.8592449,131.1927
42011,20200425,0.2787118,0.3803491,176.5903
42011,20200426,0.3421184,0.2990502,206.0924
42011,20200427,0.8733088,0.7462819,150.3817
42011,20200428,0.9761767,0.7039159,207.0356
42011,20200429,0.3659324,0.5150808,124.6854
42011,20200430,0.2350739,0.3234255,210.2237
42011,20200501,0.1590442,0.3601785,142.8362
42011,20200502,1.7789761,1.0341699,144.3093
42011,20200503,0.7597808,0.6157507,151.4663
42011,20200504,0.3243807,0.4590899,140.7726
42011,20200505,0.8863935,0.6754716,167.3367
42011,20200506,0.8254258,0.6289786,180.23
42011,20200507,0.0,0.3174855,148.1099
42011,20200509,0.6630786,0.6463141,119.05
42011,20200510,0.3130504,0.4206706,127.9738
42011,20200511,0.9170889,0.7542383,149.0493
42011,20200512,0.0,0.3432873,139.1044
42011,20200513,0.3056047,0.5223801,107.3734
42011,20200514,0.5399202,0.4987694,160.424
42011,20200515,0.401763,0.3965535,179.8635
42011,20200516,0.8745672,0.6997018,169.5156
42011,20200517,0.1687736,0.2921407,195.0656
42011,20200518,0.0,0.2702441,172.5882
42011,20200519,0.0,0.4424785,104.9247
42011,20200520,0.0,0.2459148,193.4095
42011,20200521,0.1661705,0.3294628,161.3716
42011,20200522,1.7948994,0.9410632,192.6116
42011,20200523,0.3957405,0.452659,202.1952
42011,20200524,0.3750552,0.4744964,158.0558
42011,20200525,0.0,0.2564296,185.3649
42011,20200526,0.0,0.2851455,164.805
42011,20200527,0.1587802,0.2937368,172.5389
42011,20200528,0.5291879,0.5818013,187.1078
42011,20200529,0.0192767,0.2805837,167.4974
42011,20200530,0.0,0.3078356,153.89
42011,20200531,0.1179998,0.379817,125.9758
42011,20200601,0.3515623,0.3689155,173.4785
42011,20200602,0.0,0.2944708,160.8444
42011,20200603,0.2652128,0.3595629,169.9684
42011,20200604,0.5783073,0.6342658,170.4922
42011,20200605,0.2244179,0.3892929,146.6926
42011,20200606,0.0,0.4377833,108.2403
42011,20200607,0.0052662,0.3119839,151.5085
42011,20200608,0.0167873,0.3539416,131.8831
42011,20200609,0.5856261,0.6724448,127.953
42011,20200610,0.0746121,0.328785,147.2428
42011,20200611,0.1831095,0.3532225,153.8964
42011,20200612,0.0066925,0.3281445,143.4423
42011,20200613,0.0,0.3315282,141.3716
42011,20200614,0.0083874,0.2990737,155.5868
42013,20200407,0.5485723,0.7040899,105.7739
42013,20200414,0.0,0.3664082,131.6421
42017,20200406,0.2896613,0.3446652,168.7745
42017,20200407,0.5465945,0.2851721,477.6539
42017,20200408,0.5591051,0.3128997,410.5268
42017,20200409,0.0,0.139583,345.2297
42017,20200410,0.4869562,0.4471794,169.9175
42017,20200413,0.3374922,0.3669624,171.4282
42017,20200414,0.4169698,0.4625486,131.3634
42017,20200416,0.0460361,0.4295793,111.6873
42017,20200421,0.6923321,0.6685364,107.0859
42017,20200424,0.2010581,0.42937,122.8092
42017,20200425,0.6810861,0.7464716,145.1199
42017,20200426,0.3904897,0.476883,168.5511
42017,20200427,0.85221,0.6866403,145.1281
42017,20200428,0.0,0.3082704,154.8126
42017,20200429,0.0,0.3683659,127.1975
42017,20200430,0.4444007,0.4315415,166.7535
42017,20200501,0.3142601,0.4163497,139.9784
42017,20200502,0.9504274,0.6621812,128.4649
42017,20200503,0.5405898,0.5494289,128.1679
42017,20200504,0.0,0.4234018,112.1165
42017,20200505,0.2918809,0.5031092,112.6977
42017,20200506,0.5198495,0.6321891,126.4662
42017,20200507,1.0111329,0.8451741,109.5192
42017,20200510,0.0,0.4383018,107.3591
42017,20200511,0.3714012,0.5086552,133.0102
42017,20200512,0.3694493,0.4688844,120.5425
42017,20200514,0.0,0.3493558,135.1448
42017,20200515,2.3848271,1.3155053,110.3457
42017,20200516,0.6454432,0.7286144,133.9768
42017,20200517,0.8584594,0.6953015,148.3624
42017,20200518,0.7937117,0.8303324,130.5676
42017,20200520,0.3856971,0.4728001,171.3233
42017,20200521,0.3152914,0.4357721,157.0399
42017,20200522,0.0,0.385614,121.7106
42017,20200523,0.0,0.322973,146.7362
42017,20200524,0.7685841,0.5993308,143.8382
42017,20200525,0.5793014,0.6803817,128.0153
42017,20200526,0.0,0.3494625,133.8314
42017,20200527,0.0,0.3209125,147.5399
42017,20200528,0.1990164,0.3475061,165.7577
42017,20200529,1.8377366,1.1208056,136.6219
42017,20200530,0.0,0.334732,143.4031
42017,20200531,0.1375952,0.3561446,141.6224
42017,20200601,0.0,0.3560759,133.3985
42017,20200602,0.7771625,0.8501946,127.1072
42017,20200603,0.5888882,0.5600036,123.1553
42017,20200604,0.0,0.388725,120.6686
42017,20200605,0.1977713,0.3702479,139.3527
42017,20200607,0.3692803,0.5071653,133.8358
42017,20200608,0.3882035,0.5320422,127.3281
42017,20200609,0.0,0.4438715,107.0252
42017,20200610,0.3033906,0.441448,130.9371
42017,20200611,0.3380145,0.4558169,121.6744
42017,20200612,0.0,0.3473942,136.094
42017,20200613,0.2647289,0.4644414,124.5807
42017,20200614,0.0,0.3243903,148.0241
42019,20200407,0.5857659,0.5680014,192.1272
42019,20200408,0.1504888,0.3023563,172.588
42019,20200409,1.1865596,0.8567811,147.1956
42021,20200407,0.0,0.4426454,106.4703
42021,20200414,1.7257363,1.0730724,129.7763
42021,20200428,0.3977296,0.6062051,101.7005
42021,20200516,0.0,0.4509769,104.4443
42027,20200414,0.0,0.3208409,149.3314
42027,20200520,0.0,0.4418539,108.6764
42029,20200406,0.0,0.4424967,106.6836
42029,20200407,0.4848262,0.391141,305.461
42029,20200408,0.2827025,0.2283418,325.2191
42029,20200409,0.0,0.1886818,250.1449
42029,20200410,0.766571,0.838539,129.642
42029,20200413,1.2023685,0.8823812,130.884
42029,20200414,0.0275349,0.3185799,151.2156
42029,20200415,0.7129912,0.6664719,111.1033
42029,20200424,0.0,0.3897173,120.1545
42029,20200425,0.3537853,0.4648529,125.2098
42029,20200426,0.7399147,0.8115972,134.4502
42029,20200427,0.0,0.3706372,128.1763
42029,20200428,0.1798366,0.3155926,184.7785
42029,20200429,0.0,0.3921086,120.2414
42029,20200430,0.1261384,0.3195837,162.6602
42029,20200501,0.1933876,0.4174253,128.582
42029,20200502,0.0,0.3671006,128.1014
42029,20200503,0.0,0.3532956,134.9716
42029,20200504,0.0,0.3599712,131.24
42029,20200505,0.7655405,0.6559199,122.0673
42029,20200506,0.0,0.3594769,132.6993
42029,20200507,0.0,0.4394241,108.54
42029,20200509,0.0,0.4539577,103.8871
42029,20200510,0.5555298,0.6761378,119.5668
42029,20200511,0.0,0.3905121,120.8708
42029,20200514,0.8769696,0.9619922,111.5841
42029,20200515,0.239302,0.3942476,146.6873
42029,20200516,0.7153479,0.785651,139.2037
42029,20200517,0.0,0.3016407,157.4316
42029,20200518,0.6433397,0.7157152,144.1601
42029,20200520,0.5383397,0.460344,180.9348
42029,20200521,0.3579225,0.4644837,146.6596
42029,20200522,0.6636713,0.7272412,149.8637
42029,20200523,0.0,0.3502211,134.3938
42029,20200524,0.0,0.318917,149.5143
42029,20200525,0.0,0.2860108,166.1607
42029,20200526,0.313408,0.4314101,158.7123
42029,20200527,0.0,0.329162,145.2265
42029,20200528,0.6446373,0.7086337,154.4586
42029,20200529,1.2532023,0.9562948,130.285
42029,20200530,0.5740208,0.6831873,123.8811
42029,20200531,0.0,0.3993993,117.0114
42029,20200601,0.3226085,0.4424453,154.0188
42029,20200602,0.2927298,0.403713,136.0952
42029,20200603,0.0,0.3410164,140.7587
42029,20200604,0.0,0.3891064,122.4223
42029,20200605,0.0,0.3985548,119.6237
42029,20200607,0.0,0.3418226,139.1944
42029,20200608,0.0,0.3907205,123.1797
42029,20200609,0.8911213,0.974996,111.7466
42029,20200610,0.0,0.3658207,130.7332
42029,20200611,0.7824135,0.8553105,127.0171
42029,20200612,0.5177756,0.6088774,144.0478
42029,20200613,0.6732501,0.6146297,118.1226
42029,20200614,0.6609593,0.7255632,150.5076
42041,20200407,0.977927,0.7473465,170.4504
42041,20200408,0.3590121,0.3728647,184.8791
42041,20200409,1.2023961,0.8097367,150.7715
42041,20200414,2.8428162,1.4130448,124.6251
42041,20200415,0.942422,0.7852917,104.0732
42041,20200421,0.0,0.4442646,106.4186
42041,20200424,0.4831778,0.5655982,103.6269
42041,20200425,0.0,0.3795158,122.7203
42041,20200426,0.1572756,0.3368599,154.4867
42041,20200427,0.3557901,0.4835565,139.3333
42041,20200428,0.1685301,0.3580128,147.199
42041,20200429,0.0,0.4001576,114.8187
42041,20200430,0.0285886,0.230474,205.4317
42041,20200501,0.1571532,0.400399,126.1476
42041,20200502,1.8051023,1.1129779,133.4019
42041,20200503,0.0,0.3456959,134.4564
42041,20200504,0.6183564,0.5377572,144.3416
42041,20200505,0.0,0.3202713,144.0576
42041,20200506,0.7748783,0.8449428,127.9615
42041,20200507,0.0,0.4059492,114.9903
42041,20200509,0.2968601,0.5059953,102.9554
42041,20200510,0.0,0.3824733,120.3919
42041,20200511,0.0,0.4032487,112.715
42041,20200514,0.3126524,0.4277034,159.114
42041,20200515,0.2586043,0.448331,125.1743
42041,20200516,0.1776426,0.3879293,134.2694
42041,20200517,0.0,0.3018384,153.2273
42041,20200518,0.0,0.3298755,139.7149
42041,20200520,0.0,0.2646146,177.2924
42041,20200521,0.2441607,0.420319,135.5138
42041,20200522,0.0,0.3483748,133.9035
42041,20200523,0.0,0.320857,142.5142
42041,20200524,0.5485848,0.5578359,125.4057
42041,20200525,0.0,0.3630245,127.4974
42041,20200526,0.0,0.3892794,118.8576
42041,20200527,0.0,0.3587356,130.033
42041,20200528,0.0,0.3442534,133.9599
42041,20200529,1.333076,1.0291868,119.0534
42041,20200530,0.0,0.4152252,112.304
42041,20200531,0.0,0.4613411,100.6877
42041,20200601,0.1097759,0.3250666,150.4753
42041,20200602,0.4441114,0.559839,134.1945
42041,20200603,0.655834,0.5934642,124.9713
42041,20200604,0.0,0.367061,126.3543
42041,20200605,0.0,0.3300195,140.7611
42041,20200607,0.0,0.3549926,131.1137
42041,20200608,1.1041712,1.0361148,104.892
42041,20200609,0.0,0.4203429,111.1659
42041,20200610,0.1653339,0.422552,120.1866
42041,20200611,0.0,0.3845009,120.8581
42041,20200612,0.0,0.3478508,135.4223
42041,20200613,0.9778585,1.0632179,101.6309
42041,20200614,1.6682944,1.0633824,122.3201
42043,20200407,0.6500991,0.5700763,196.1751
42043,20200408,0.6434725,0.7066315,153.082
42043,20200409,0.0425711,0.2757887,176.85
42043,20200410,0.9739695,0.9674276,113.1257
42043,20200414,0.0,0.3475303,137.592
42043,20200416,0.227822,0.4907332,108.6988
42043,20200423,2.6811425,1.2114322,120.4234
42043,20200424,1.3038535,0.9996019,114.0451
42043,20200425,0.4703075,0.4933867,132.0988
42043,20200426,0.7423151,0.8145944,133.3905
42043,20200427,0.2491333,0.4362029,132.7271
42043,20200428,0.5066426,0.5589302,195.8396
42043,20200429,0.0,0.3480972,138.8394
42043,20200430,0.3007936,0.4153431,164.0629
42043,20200501,0.9168249,0.8502764,129.6797
42043,20200502,0.033734,0.3773975,127.5188
42043,20200503,0.0,0.3457951,138.4005
42043,20200504,0.0,0.3667941,130.1071
42043,20200505,0.7832454,0.8576159,126.1411
42043,20200506,1.0605535,0.6721761,143.0929
42043,20200507,0.0,0.3617458,133.8522
42043,20200510,0.0,0.404805,119.2748
42043,20200511,0.0,0.3940509,121.3058
42043,20200512,1.1213854,0.7582519,118.0407
42043,20200514,0.7701219,0.8449344,128.7866
42043,20200515,0.0,0.3209811,148.6413
42043,20200516,0.0,0.3538847,135.5347
42043,20200517,0.3277294,0.4522438,151.2053
42043,20200518,0.6936664,0.7617755,142.7334
42043,20200520,0.3427943,0.4707495,144.3185
42043,20200521,0.136297,0.3574138,145.7674
42043,20200522,0.9236981,0.7420743,143.3631
42043,20200523,0.301621,0.4689588,131.4686
42043,20200524,0.0,0.3533591,135.0335
42043,20200525,0.2400908,0.4197486,137.4754
42043,20200526,0.2554873,0.450769,129.8276
42043,20200527,0.3809204,0.439811,138.8309
42043,20200528,0.2404923,0.4208552,137.3752
42043,20200529,0.4269155,0.5444923,139.6094
42043,20200530,0.9103125,0.9968988,108.8908
42043,20200531,0.0710537,0.4587191,104.9264
42043,20200601,0.8556129,0.9374164,115.8322
42043,20200602,0.6523743,0.7462574,126.2075
42043,20200603,0.3771692,0.5203204,131.5643
42043,20200604,0.3831007,0.5283649,129.4378
42043,20200605,0.0,0.3609383,132.7377
42043,20200607,0.4175775,0.5741075,118.6503
42043,20200608,1.0622881,0.7382539,136.4578
42043,20200609,0.1414347,0.4961691,100.0991
42043,20200610,0.8338892,0.889328,122.4931
42043,20200611,0.0,0.3400048,142.0205
42043,20200612,1.5037191,1.1050638,131.7277
42043,20200613,0.0,0.4038241,119.2559
42043,20200614,0.1226613,0.3765413,134.8057
42045,20200406,1.6534028,1.0595682,117.9207
42045,20200407,0.2618765,0.2454137,339.2311
42045,20200408,0.4016476,0.3339176,350.7882
42045,20200409,0.6712399,0.4141462,299.5043
42045,20200410,0.0,0.3809963,123.3752
42045,20200413,0.0,0.3312242,141.104
42045,20200426,0.0,0.4660887,100.8136
42045,20200428,0.0,0.4088152,115.8188
42045,20200430,0.0,0.3816141,123.2501
42045,20200520,0.5390666,0.5796879,114.0539
42045,20200523,0.8822825,0.9624478,112.4675
42045,20200526,0.0,0.4578022,101.7898
42045,20200611,0.8082566,0.8828586,122.7005
42045,20200612,0.0,0.4437582,103.9501
42049,20200407,1.1429527,0.6943564,233.0723
42049,20200408,0.0945168,0.2914327,175.8546
42049,20200409,0.847756,0.6062716,191.1725
42049,20200410,1.065043,1.0872838,100.8295
42049,20200413,0.3181467,0.5607751,104.7097
42049,20200414,0.2780287,0.3866983,179.5245
42049,20200415,0.0,0.3935801,124.7572
42049,20200422,0.9604145,1.0519357,103.9745
42049,20200423,0.9771109,1.0695973,102.1086
42049,20200424,0.8207101,0.902177,121.6841
42049,20200425,0.2131499,0.3809866,153.5412
42049,20200426,0.3152377,0.4372617,158.0989
42049,20200427,0.0,0.3414833,143.6329
42049,20200428,0.0,0.3016514,162.3848
42049,20200429,0.0,0.4055872,119.9777
42049,20200430,0.2899295,0.3719846,206.4435
42049,20200501,0.0,0.3418196,142.9321
42049,20200502,0.7982858,0.8767832,124.9331
42049,20200503,0.0,0.3975701,122.7995
42049,20200504,0.3368873,0.4672956,148.0866
42049,20200505,0.2287337,0.4023943,145.3663
42049,20200506,0.3249699,0.4526385,153.7494
42049,20200507,0.755943,0.8311316,131.9974
42049,20200509,0.3219624,0.5639602,103.2591
42049,20200510,0.4033202,0.5154148,148.4995
42049,20200511,1.3930831,0.9438797,131.4285
42049,20200512,0.0,0.4045543,121.0702
42049,20200514,1.0871969,0.8224039,152.7047
42049,20200515,0.0,0.3319197,147.1746
42049,20200516,0.0,0.3296962,148.2829
42049,20200517,0.0,0.3080972,158.5747
42049,20200518,0.6986143,0.5918333,142.7968
42049,20200520,0.0,0.3258798,149.5445
42049,20200521,0.1064059,0.3303899,156.4097
42049,20200522,0.3549857,0.4934547,140.6888
42049,20200523,0.0,0.3211392,152.0221
42049,20200524,0.694399,0.7648789,143.8554
42049,20200525,0.0,0.3328789,147.5429
42049,20200526,0.2069771,0.3661732,160.8457
42049,20200527,0.0,0.3290239,149.1316
42049,20200528,0.485099,0.4997364,144.0613
42049,20200529,0.0,0.3437648,142.6223
42049,20200530,0.0,0.3151231,155.0771
42049,20200531,0.0,0.4126546,118.5686
42049,20200601,0.0,0.2882798,170.1021
42049,20200602,0.0,0.3274932,149.3022
42049,20200603,0.0,0.348626,140.649
42049,20200604,1.3499903,0.8818359,154.0835
42049,20200605,0.0,0.3491334,140.4133
42049,20200607,0.0,0.3190887,152.8249
42049,20200608,0.2849281,0.5076281,114.8345
42049,20200609,1.6431142,1.1085071,129.9215
42049,20200610,0.1049204,0.3969796,126.8317
42049,20200611,0.7889501,0.8677705,126.5842
42049,20200612,0.0,0.276749,176.4425
42049,20200613,0.3097485,0.5459723,107.3449
42049,20200614,0.8375733,0.9206925,119.1595
42051,20200407,0.1289765,0.4092591,115.9502
42051,20200408,1.091294,0.9584663,113.0886
42069,20200407,0.6539475,0.5993034,183.1834
42069,20200408,0.9972094,0.7296896,155.1537
42069,20200409,0.8839281,0.7168321,131.4096
42069,20200414,0.9130448,0.5420682,235.517
42069,20200415,0.8088248,0.6008903,133.2266
42069,20200416,1.9309601,1.4134172,101.9523
42069,20200424,0.5553982,0.6148701,111.9442
42069,20200425,2.190053,1.3476303,113.5062
42069,20200426,0.0,0.410862,114.9166
42069,20200428,0.2670883,0.4602783,123.8944
42069,20200430,0.6729137,0.6810427,129.6117
42069,20200502,0.84006,0.9204966,115.6573
42069,20200505,0.3236185,0.5560362,102.3574
42069,20200506,0.0,0.4557636,102.6572
42069,20200507,0.0,0.4416045,107.2745
42069,20200511,1.3055807,1.1157035,101.0344
42069,20200512,0.9671662,1.0541455,102.7659
42069,20200515,0.3825056,0.5234011,129.7994
42069,20200517,0.7343056,0.8056026,135.6132
42069,20200518,0.0,0.3794613,124.4375
42069,20200520,0.0,0.3755001,123.5061
42069,20200521,0.9752161,0.9967466,109.0307
42069,20200522,0.3392753,0.5228873,117.281
42069,20200523,0.0,0.3892495,121.142
42069,20200524,0.8032431,0.8792113,123.8153
42069,20200525,0.8846699,0.9655177,112.2655
42069,20200526,0.6080387,0.6427216,107.9784
42069,20200527,0.8519691,0.9324079,116.8646
42069,20200528,0.4180339,0.5708361,118.9352
42069,20200529,1.9109779,1.3956467,102.8585
42069,20200530,0.0,0.4637651,101.7821
42069,20200601,1.0946958,0.9456692,104.3852
42069,20200602,0.0,0.4663573,101.5533
42069,20200603,0.0,0.436277,107.2563
42069,20200604,0.9598318,1.0465678,103.5067
42069,20200608,0.0,0.4559278,103.4957
42069,20200610,0.0,0.4138433,113.7731
42069,20200612,0.0,0.4437056,107.9253
42069,20200613,0.3279069,0.5610946,100.9975
42069,20200614,0.8663702,0.9478667,114.7883
42071,20200406,0.545519,0.6680846,121.7325
42071,20200407,0.9632407,0.5106831,330.2723
42071,20200408,0.7664863,0.4008753,356.5972
42071,20200409,0.8290949,0.5298689,261.5116
42071,20200410,0.0851262,0.3603817,138.262
42071,20200413,0.312667,0.4881052,127.268
42071,20200414,0.8755075,0.5021497,256.5473
42071,20200415,0.1253014,0.2735928,198.4612
42071,20200416,0.921364,0.6800164,177.5073
42071,20200417,0.0162327,0.4580622,105.2183
42071,20200418,0.6812444,0.6240596,121.7668
42071,20200419,0.4773598,0.5150224,121.4275
42071,20200420,0.5629449,0.5482253,132.4485
42071,20200421,0.6278132,0.6913524,158.2835
42071,20200422,0.5376126,0.4685862,171.8133
42071,20200423,0.9320657,0.6797978,177.7
42071,20200424,0.1016226,0.2666762,195.6381
42071,20200425,0.1468643,0.2591485,225.7026
42071,20200426,0.3798415,0.4202522,262.0397
42071,20200427,0.4305658,0.3664811,230.9553
42071,20200428,0.9705092,0.5779381,301.6821
42071,20200429,0.2674911,0.3337183,207.7575
42071,20200430,0.3288694,0.2707088,320.7973
42071,20200501,0.1161809,0.2541954,214.0588
42071,20200502,0.2527435,0.3508624,196.8276
42071,20200503,0.3126181,0.3851242,212.134
42071,20200504,0.0256484,0.2150018,226.3925
42071,20200505,0.3677023,0.3163782,251.7843
42071,20200506,0.1222071,0.2446246,222.2518
42071,20200507,0.0,0.2722579,179.3063
42071,20200509,0.0,0.2721672,177.9424
42071,20200510,0.2730765,0.3790796,182.2881
42071,20200511,0.0,0.2327648,208.9007
42071,20200512,0.2988417,0.4151021,166.3907
42071,20200513,0.2930499,0.4063746,169.8364
42071,20200514,0.0376128,0.2381419,206.2522
42071,20200515,0.2633269,0.2300702,269.9975
42071,20200516,0.4834736,0.5341246,205.6625
42071,20200517,0.8216295,0.549032,272.3399
42071,20200518,0.2074521,0.288472,239.7915
42071,20200519,0.8600668,0.5733707,162.0487
42071,20200520,0.0,0.1890149,257.0405
42071,20200521,0.7672241,0.570553,224.2328
42071,20200522,0.6823872,0.4899724,219.7665
42071,20200523,0.0,0.1945136,249.8556
42071,20200524,0.6827634,0.449788,252.2564
42071,20200525,0.3408033,0.3139595,243.0612
42071,20200526,0.6940099,0.5594021,215.1384
42071,20200527,0.0,0.2021364,241.2239
42071,20200528,0.0,0.2036055,239.5339
42071,20200529,0.1808008,0.2664575,220.9808
42071,20200530,0.0,0.2317041,211.1203
42071,20200531,0.2340785,0.3451399,189.1101
42071,20200601,0.5012955,0.5529059,198.2185
42071,20200602,0.2253814,0.3141077,221.0565
42071,20200603,1.2504134,0.6939135,198.4516
42071,20200604,0.1433925,0.282251,198.0604
42071,20200605,0.4096497,0.4532428,243.2369
42071,20200606,0.6829355,0.7514753,145.6473
42071,20200607,0.7461437,0.5355671,222.2945
42071,20200608,0.3093796,0.395962,192.5447
42071,20200609,0.0,0.3151221,153.0037
42071,20200610,0.0907422,0.2644189,195.3119
42071,20200611,0.0,0.2299806,212.6172
42071,20200612,0.0,0.2437764,199.3008
42071,20200613,0.0,0.2808605,173.0766
42071,20200614,0.0,0.2510502,192.6136
42075,20200407,0.8644226,0.7581789,109.8287
42077,20200407,0.7482193,0.5449913,209.0681
42077,20200408,1.6165431,0.7088363,206.9951
42077,20200409,0.5028344,0.5487407,196.1253
42077,20200413,0.3078685,0.4736498,109.0431
42077,20200414,1.5861023,0.8494249,191.6276
42077,20200415,0.5061257,0.6336563,112.0784
42077,20200418,2.3912141,1.3617147,100.9047
42077,20200422,0.9951976,0.7286614,105.3283
42077,20200423,1.5455112,1.0115828,122.7344
42077,20200424,0.9277879,0.7100278,136.4059
42077,20200425,1.2168288,0.892407,161.2132
42077,20200426,0.0369301,0.3088268,144.6783
42077,20200427,0.0,0.2901202,155.6526
42077,20200428,0.8585699,0.6385877,184.7859
42077,20200429,0.0,0.2979043,150.3042
42077,20200430,0.4722117,0.5165142,208.5926
42077,20200501,1.7111619,0.936569,144.1114
42077,20200502,0.4981481,0.4254849,168.6481
42077,20200503,0.1518253,0.3174265,160.8077
42077,20200504,0.0,0.2763312,166.1439
42077,20200505,1.3139752,0.9037382,142.1127
42077,20200506,0.2075015,0.3427255,157.518
42077,20200507,0.1221653,0.3567074,134.5126
42077,20200509,0.0,0.3946183,112.7177
42077,20200510,0.0,0.3803589,116.9366
42077,20200511,0.0871296,0.2912675,161.5184
42077,20200512,0.0,0.4149432,106.609
42077,20200513,0.0,0.4043145,111.7346
42077,20200514,0.120207,0.351192,136.6247
42077,20200515,0.0112506,0.2836443,156.657
42077,20200516,1.0067342,0.800354,146.8578
42077,20200517,0.3878217,0.4676861,154.0041
42077,20200518,0.3131419,0.3001603,185.3604
42077,20200520,0.194814,0.3320728,168.8852
42077,20200521,0.6886855,0.7484026,142.7418
42077,20200522,0.0,0.2820584,156.5618
42077,20200523,0.0,0.2836339,159.994
42077,20200524,0.5056207,0.5651327,165.1232
42077,20200525,0.0,0.273978,165.5427
42077,20200526,0.2285828,0.3858225,143.5425
42077,20200527,0.0082412,0.2832469,158.1166
42077,20200528,0.323684,0.375724,150.5189
42077,20200529,0.2793596,0.3464541,155.9769
42077,20200530,0.7425617,0.8072982,132.6618
42077,20200531,1.2758809,0.947329,135.9035
42077,20200601,0.3728297,0.4646049,156.6993
42077,20200602,0.0,0.2828991,159.0522
42077,20200603,0.3070289,0.4305993,148.344
42077,20200604,0.0,0.2570731,173.986
42077,20200605,0.0,0.3967239,114.2544
42077,20200606,0.0,0.4259713,107.2747
42077,20200607,0.7921963,0.8576272,123.9099
42077,20200608,0.0,0.3168623,143.0171
42077,20200609,0.0,0.3172775,143.821
42077,20200610,0.0100421,0.3784308,117.8837
42077,20200611,0.322551,0.3604017,147.7853
42077,20200612,0.5972694,0.6501742,164.8307
42077,20200613,0.7133857,0.5848124,138.963
42077,20200614,0.9797483,0.8309183,133.7581
42079,20200406,1.8555011,1.3578512,107.0905
42079,20200407,0.7374011,0.4848189,261.3802
42079,20200408,0.9991371,0.5634327,228.5217
42079,20200409,0.8284373,0.537841,192.3005
42079,20200410,0.4798504,0.5766903,100.2926
42079,20200413,1.9416441,1.1015292,127.7663
42079,20200414,1.0962638,0.5009233,310.7463
42079,20200415,0.0,0.2313001,207.7676
42079,20200416,0.3989639,0.431148,135.2068
42079,20200421,0.023163,0.4671431,101.0637
42079,20200422,1.3433162,0.94004,110.9189
42079,20200423,0.8123676,0.8902549,122.3197
42079,20200424,0.0,0.3758386,127.6133
42079,20200425,0.6503595,0.5502905,152.5904
42079,20200426,1.3186232,0.8155223,166.1974
42079,20200427,0.3773677,0.3889457,170.3693
42079,20200428,0.0,0.2641887,177.5679
42079,20200429,0.9339102,0.8399984,132.0173
42079,20200430,0.0055684,0.2627269,181.09
42079,20200501,0.2273015,0.3937462,145.3011
42079,20200502,2.1135285,1.175351,133.1495
42079,20200503,0.6844266,0.740036,145.6421
42079,20200504,0.0,0.3330029,143.7548
42079,20200505,0.0,0.3428872,138.9861
42079,20200506,0.0,0.3267602,145.0001
42079,20200507,0.6970107,0.642802,130.2242
42079,20200509,0.6625428,0.7764752,112.1746
42079,20200510,0.5437521,0.5255985,128.534
42079,20200511,0.1615593,0.3659562,144.6561
42079,20200512,0.0,0.3979437,119.4117
42079,20200514,0.9252348,0.8843122,124.2562
42079,20200515,0.0,0.2890826,164.1269
42079,20200516,0.7307553,0.8025731,134.6482
42079,20200517,1.107419,0.7719253,155.2621
42079,20200518,0.4082682,0.4559221,133.0481
42079,20200520,1.9166401,1.0749774,163.4858
42079,20200521,0.0,0.3466839,137.1306
42079,20200522,0.0,0.3464716,138.8378
42079,20200523,0.0,0.2880652,166.4537
42079,20200524,1.1804268,0.8877469,148.7911
42079,20200525,0.0,0.3356092,141.1509
42079,20200526,0.5759514,0.6500647,151.9461
42079,20200527,0.0710853,0.298767,164.7188
42079,20200528,0.0,0.3192792,149.5545
42079,20200529,0.0852936,0.357661,136.6054
42079,20200530,0.0,0.3540215,135.4846
42079,20200531,0.3305582,0.492228,128.5808
42079,20200601,0.0187256,0.3465507,137.8633
42079,20200602,0.2256003,0.3959057,145.5347
42079,20200603,1.0579392,0.8465831,140.4513
42079,20200604,0.5099747,0.5831902,162.1737
42079,20200605,0.0,0.3867152,123.5556
42079,20200606,0.9766306,1.0656009,101.6082
42079,20200607,0.7193945,0.6461824,119.0756
42079,20200608,0.0,0.36661,128.7046
42079,20200609,0.7161513,0.631606,128.4102
42079,20200610,0.7996743,0.7236435,138.0714
42079,20200611,0.1713915,0.4427871,115.5387
42079,20200612,0.0,0.3111353,152.9336
42079,20200613,0.0,0.3757537,126.7119
42079,20200614,1.0519983,0.9002618,125.4039
42081,20200414,1.1942037,0.7772088,105.0248
42089,20200407,1.114223,0.9864543,101.8159
42089,20200408,1.0797445,0.677972,113.4668
42089,20200428,0.909754,0.994995,108.9967
42091,20200406,1.3413299,0.69598,208.1315
42091,20200407,0.1846384,0.1415406,555.0497
42091,20200408,0.3145932,0.187183,501.9218
42091,20200409,0.4870236,0.3046315,430.6394
42091,20200410,0.290551,0.3134863,198.9482
42091,20200413,0.5852512,0.3567425,260.6206
42091,20200414,0.8926767,0.5833717,218.8065
42091,20200415,0.0371092,0.3345832,140.0901
42091,20200416,1.4962931,1.096637,131.5861
42091,20200418,0.0,0.4613686,101.7114
42091,20200419,0.0,0.4070561,116.1511
42091,20200420,1.0364201,0.8707602,131.7355
42091,20200421,0.2966006,0.4579802,133.9851
42091,20200422,0.0,0.3777265,125.1729
42091,20200423,0.0,0.3518567,136.2074
42091,20200424,0.4434926,0.4680158,149.0396
42091,20200425,0.4938619,0.5427504,201.139
42091,20200426,0.1504448,0.2622378,219.6129
42091,20200427,0.0,0.2807724,167.1982
42091,20200428,0.7199945,0.4819853,217.6278
42091,20200429,0.1941906,0.3346687,170.1955
42091,20200430,0.0,0.182839,257.1733
42091,20200501,0.4758385,0.5285613,173.0601
42091,20200502,0.0,0.2835787,166.6381
42091,20200503,0.9396152,0.7199671,175.7942
42091,20200504,0.1174546,0.3019732,168.774
42091,20200505,1.8522323,0.9756554,164.6123
42091,20200506,0.0219359,0.2632831,177.958
42091,20200507,1.0008767,0.8031744,146.9553
42091,20200509,0.0,0.3512802,135.5332
42091,20200510,0.3519367,0.4585143,147.77
42091,20200511,0.7012867,0.4758387,185.7515
42091,20200512,0.0,0.3212021,146.2321
42091,20200513,0.0,0.4117917,113.4517
42091,20200514,0.7055686,0.6537298,168.3938
42091,20200515,0.3051333,0.3280923,189.5618
42091,20200516,0.3743265,0.4560154,176.4679
42091,20200517,0.0,0.2173406,216.2801
42091,20200518,0.0,0.2355764,201.9192
42091,20200519,0.1675682,0.4291807,118.3609
42091,20200520,0.0634105,0.2076327,239.2023
42091,20200521,0.2198047,0.3031042,225.9079
42091,20200522,0.0,0.2367837,198.0872
42091,20200523,0.2563107,0.3010376,192.9988
42091,20200524,0.3195435,0.3900895,206.6532
42091,20200525,0.4863062,0.5347797,203.9808
42091,20200526,0.4510482,0.4955067,219.7796
42091,20200527,0.2352863,0.3224684,210.8428
42091,20200528,0.0,0.2611244,180.2943
42091,20200529,0.0,0.2507055,188.0219
42091,20200530,0.3885614,0.4479652,203.9932
42091,20200531,0.9252826,0.7081756,178.2368
42091,20200601,0.5267924,0.4797818,197.0221
42091,20200602,0.571604,0.6257413,172.9844
42091,20200603,0.2032029,0.3519286,162.7171
42091,20200604,0.0,0.2709082,174.5048
42091,20200605,0.1320194,0.2947522,176.7011
42091,20200606,0.3653364,0.4994981,135.6073
42091,20200607,0.5792312,0.4510832,191.1552
42091,20200608,0.0,0.2537798,188.4863
42091,20200609,0.8053941,0.6905994,164.2752
42091,20200610,1.6142002,0.8692873,180.3212
42091,20200611,0.5856308,0.5061305,172.3803
42091,20200612,0.121723,0.2615216,203.8066
42091,20200613,0.6091867,0.6694483,163.0253
42091,20200614,0.0,0.2972483,154.9691
42095,20200407,0.4712476,0.3951463,226.6458
42095,20200408,0.9685331,0.624686,216.7054
42095,20200409,0.0,0.2764459,166.7203
42095,20200414,1.0209915,0.8243199,142.4579
42095,20200416,0.9586276,1.0431854,103.6031
42095,20200420,1.0515579,0.968898,113.0398
42095,20200422,0.3802462,0.5555814,111.8867
42095,20200423,0.1248463,0.4551289,107.4974
42095,20200424,0.9144496,0.7820231,143.4762
42095,20200425,0.4217097,0.5149025,129.7138
42095,20200426,0.8970042,0.7212944,164.6701
42095,20200427,0.7500754,0.6946168,158.9718
42095,20200428,0.3029392,0.3222444,191.0698
42095,20200429,0.2650159,0.4476198,124.6469
42095,20200430,0.663864,0.5382928,174.5054
42095,20200501,0.0,0.3245794,141.7772
42095,20200502,0.5088483,0.4781151,142.9706
42095,20200503,1.5624825,1.1606731,113.3786
42095,20200504,0.0,0.3711014,126.0265
42095,20200505,0.3664974,0.448352,133.8336
42095,20200506,0.2730054,0.3699329,145.3093
42095,20200507,0.0,0.3614759,128.9207
42095,20200509,0.0,0.4132598,111.802
42095,20200510,0.0,0.3760672,122.8882
42095,20200511,0.704821,0.7703163,140.9987
42095,20200512,0.0,0.4020193,114.8207
42095,20200514,0.0,0.4051072,114.6776
42095,20200515,1.5009469,0.9105276,159.8789
42095,20200516,0.0,0.3802099,122.7995
42095,20200517,0.4726603,0.4642302,149.3942
42095,20200518,0.7192921,0.6802737,159.3012
42095,20200520,0.0,0.3060286,152.572
42095,20200521,0.0,0.4034605,114.1965
42095,20200522,0.0,0.2885764,158.741
42095,20200523,0.0,0.284188,165.511
42095,20200524,0.0,0.3222512,142.8939
42095,20200525,1.2673846,0.94972,136.9405
42095,20200526,0.0,0.303816,154.4919
42095,20200527,0.126045,0.3275721,152.6203
42095,20200528,1.2156424,0.9199255,129.3008
42095,20200529,0.0,0.310198,152.4199
42095,20200530,0.0,0.3886845,118.5207
42095,20200531,0.2685043,0.4582799,123.2118
42095,20200601,0.0193154,0.2736346,170.1484
42095,20200602,0.0,0.3461898,132.4208
42095,20200603,0.4034861,0.5467283,123.1754
42095,20200604,0.0,0.3206071,142.3553
42095,20200605,0.3053106,0.523628,108.4959
42095,20200607,0.0,0.3347832,138.5536
42095,20200608,0.0,0.4005977,116.6885
42095,20200609,0.0,0.4001691,115.8702
42095,20200610,0.8227669,0.8963464,120.5887
42095,20200611,0.3683843,0.4886634,113.0349
42095,20200612,0.0,0.3573331,126.5634
42095,20200613,0.022925,0.3916912,117.3216
42095,20200614,0.0,0.3101952,149.0587
42101,20200406,0.5316824,0.3959273,308.9918
42101,20200407,0.6472343,0.2459241,793.9754
42101,20200408,1.2847689,0.3677643,744.9918
42101,20200409,1.2035231,0.3915106,661.9426
42101,20200410,1.1672354,0.5315321,356.9672
42101,20200413,1.4119594,0.6434324,298.9754
42101,20200414,0.9662563,0.7165563,206.9836
42101,20200415,0.9590064,0.7778049,145.9836
42101,20200416,0.7518797,0.8293389,133.0
42101,20200419,1.3045246,1.0444521,114.9836
42101,20200420,0.0,0.4000002,123.9918
42101,20200421,1.3699361,1.0111368,145.9918
42101,20200422,0.0,0.3311258,150.0
42101,20200423,1.114705,0.8449123,156.9918
42101,20200424,0.2538071,0.3557647,197.0
42101,20200425,0.5208756,0.5769171,191.9836
42101,20200426,0.3858933,0.3312944,202.9918
42101,20200427,0.7788729,0.5710241,213.9836
42101,20200428,0.0,0.2336449,212.9918
42101,20200429,1.9608798,1.0458798,159.9918
42101,20200430,1.0765287,0.6409016,239.9672
42101,20200501,0.8485249,0.7101833,164.9918
42101,20200502,0.9218679,0.6081548,178.9836
42101,20200503,0.6897081,0.5786953,202.9836
42101,20200504,0.617284,0.6825253,162.0
42101,20200505,0.1488302,0.3298038,167.9754
42101,20200506,0.3646129,0.3785795,191.9836
42101,20200507,0.0,0.3472225,142.9836
42101,20200509,0.7415744,0.6653138,117.9918
42101,20200510,0.3788102,0.528653,131.9918
42101,20200511,0.5181975,0.573974,192.9754
42101,20200512,0.0,0.331126,149.9918
42101,20200513,1.923205,1.1212622,116.9918
42101,20200514,0.5050902,0.5595924,197.9836
42101,20200515,0.1926956,0.34414,172.9836
42101,20200516,1.609991,0.9021982,175.9836
42101,20200517,0.7500584,0.6055561,199.9836
42101,20200518,0.0,0.2645505,187.9754
42101,20200519,0.4424779,0.6161507,113.0
42101,20200520,0.0,0.2109706,235.9754
42101,20200521,0.0,0.2325582,213.9918
42101,20200522,0.4605263,0.5253924,190.0
42101,20200523,0.3663631,0.3731105,181.9672
42101,20200524,0.0,0.2450983,202.9672
42101,20200525,0.3333564,0.3301491,224.9836
42101,20200526,0.5582947,0.4072318,205.9836
42101,20200527,0.2283349,0.3203283,218.9754
42101,20200528,0.0,0.2380953,208.9918
42101,20200529,0.3788326,0.451148,197.9754
42101,20200530,0.0,0.3012054,164.959
42101,20200531,0.0,0.3333336,148.9836
42101,20200601,1.2121212,0.8963125,165.0
42101,20200602,0.0,0.2439027,203.9672
42101,20200603,0.1623459,0.3594885,153.9918
42101,20200604,0.0,0.2808992,176.9754
42101,20200605,0.6135849,0.6784617,162.9754
42101,20200606,1.8183106,1.1923075,109.9918
42101,20200607,0.0,0.2941176,169.0
42101,20200608,0.1358868,0.3013578,183.9754
42101,20200609,0.0,0.3012049,164.9918
42101,20200610,0.2857355,0.3369515,209.9836
42101,20200611,0.0,0.2645503,187.9918
42101,20200612,0.3537996,0.3501877,211.9836
42101,20200613,0.285727,0.4000518,174.9918
42101,20200614,0.0,0.3067487,161.9836
42107,20200408,0.038234,0.4825396,100.8214
42107,20200414,0.0,0.4157548,116.8876
42125,20200407,0.3668411,0.4043431,235.9881
42125,20200408,0.3665034,0.3571345,184.2854
42125,20200409,0.0516298,0.3038564,148.4331
42129,20200406,0.7446956,0.6724351,119.7414
42129,20200407,0.4107575,0.2862888,365.3497
42129,20200408,0.6890399,0.4152228,342.4339
42129,20200409,0.3132854,0.3269414,263.5076
42129,20200410,0.0,0.3218111,142.0868
42129,20200413,0.3386389,0.5131324,116.7503
42129,20200425,0.4840567,0.651417,101.7794
42129,20200426,0.0,0.4310693,105.3677
42129,20200430,0.8226829,0.9156056,105.5578
42129,20200505,0.0,0.4530971,100.9043
42129,20200520,0.4007183,0.539543,122.7319
42129,20200604,0.0,0.4496588,101.4521
42133,20200406,0.6463942,0.6112128,111.7313
42133,20200407,0.6003637,0.4517568,298.6092
42133,20200408,0.6939433,0.4809425,280.5608
42133,20200409,1.6886604,0.7424524,253.2396
42133,20200410,0.1979749,0.4196973,125.2732
42133,20200413,0.5001957,0.606535,131.8471
42133,20200414,0.3759311,0.3382041,328.5066
42133,20200415,0.1099564,0.2214685,230.5624
42133,20200416,0.3450162,0.4694686,143.2245
42133,20200419,0.6865931,0.7845732,116.6783
42133,20200420,0.1197197,0.4143446,119.2634
42133,20200421,0.1479517,0.3796307,133.4891
42133,20200422,0.0,0.3047655,155.0738
42133,20200423,0.510289,0.520483,133.3235
42133,20200424,0.0,0.3049839,151.8618
42133,20200425,0.0,0.2613226,181.0292
42133,20200426,0.0063393,0.2028848,229.5691
42133,20200427,0.1755384,0.3034345,187.4025
42133,20200428,0.5076459,0.4048226,248.0432
42133,20200429,0.0,0.2636887,176.124
42133,20200430,0.5509827,0.4422118,268.6191
42133,20200501,0.5523344,0.6056156,178.9498
42133,20200502,0.0880657,0.2804255,168.7472
42133,20200503,0.0,0.2616043,178.918
42133,20200504,0.0,0.259467,182.4892
42133,20200505,1.0952982,0.6990942,190.2109
42133,20200506,0.0533871,0.2556984,185.1715
42133,20200507,0.0,0.2941109,158.6202
42133,20200509,0.8877805,0.794302,139.1122
42133,20200510,0.5520133,0.5508803,158.4494
42133,20200511,0.3255221,0.3225616,202.633
42133,20200512,0.0,0.345638,134.6936
42133,20200513,0.8647824,0.943075,114.1686
42133,20200514,0.598812,0.6551702,164.651
42133,20200515,0.5576979,0.598421,180.671
42133,20200516,0.7650425,0.6048878,195.8193
42133,20200517,0.4548979,0.4403758,209.8692
42133,20200518,0.0,0.216992,215.2299
42133,20200519,0.1980844,0.4220615,124.8214
42133,20200520,0.2282076,0.2502338,239.2175
42133,20200521,0.2502412,0.3315323,213.9231
42133,20200522,0.395381,0.4539708,202.7436
42133,20200523,0.272809,0.3549524,189.5155
42133,20200524,0.2551133,0.3381852,199.8514
42133,20200525,0.0,0.2498791,188.0009
42133,20200526,0.3234357,0.3298854,214.1565
42133,20200527,0.5250839,0.5754616,188.2709
42133,20200528,0.0,0.2196868,210.8844
42133,20200529,0.0,0.2456831,191.6289
42133,20200530,1.2231496,0.8332867,149.4529
42133,20200531,1.2517953,0.6858038,192.2666
42133,20200601,0.0,0.2320727,199.1607
42133,20200602,0.8497245,0.6791627,174.3339
42133,20200603,1.0706678,0.7813885,186.7517
42133,20200604,0.7750333,0.5809446,197.9078
42133,20200605,0.4032446,0.4012418,204.3848
42133,20200606,0.0,0.4144229,110.8167
42133,20200607,0.2474171,0.3393802,199.97
42133,20200608,0.0,0.2709236,173.3327
42133,20200609,0.0,0.2880166,160.7131
42133,20200610,0.0,0.2814242,165.1177
42133,20200611,0.7249107,0.5234334,181.0086
42133,20200612,0.1285792,0.2746774,192.1228
42133,20200613,0.8397136,0.7512323,147.1205
42133,20200614,0.2723656,0.377028,176.6525
